<?xml version="1.0" encoding="UTF-8"?><rss version="2.0"
	xmlns:content="http://purl.org/rss/1.0/modules/content/"
	xmlns:wfw="http://wellformedweb.org/CommentAPI/"
	xmlns:dc="http://purl.org/dc/elements/1.1/"
	xmlns:atom="http://www.w3.org/2005/Atom"
	xmlns:sy="http://purl.org/rss/1.0/modules/syndication/"
	xmlns:slash="http://purl.org/rss/1.0/modules/slash/"
	>

<channel>
	<title>Assurdità &#8211; sito di jen</title>
	<atom:link href="http://localhost/sitojen/category/assurdita/feed/?simply_static_page=151" rel="self" type="application/rss+xml" />
	<link></link>
	<description>Wordpress for dummies (like me)</description>
	<lastBuildDate>Wed, 01 Mar 2023 14:57:28 +0000</lastBuildDate>
	<language>it-IT</language>
	<sy:updatePeriod>
	hourly	</sy:updatePeriod>
	<sy:updateFrequency>
	1	</sy:updateFrequency>
	<generator>https://wordpress.org/?v=6.1.1</generator>

<image>
	<url>/wp-content/uploads/2023/03/cropped-wp-for-dummies-32x32.jpeg</url>
	<title>Assurdità &#8211; sito di jen</title>
	<link></link>
	<width>32</width>
	<height>32</height>
</image> 
	<item>
		<title>Non vi capita mai di guardare nel vuoto?</title>
		<link>/2023/03/01/non-vi-capita-mai-di-guardare-nel-vuoto/</link>
					<comments>/2023/03/01/non-vi-capita-mai-di-guardare-nel-vuoto/#respond</comments>
		
		<dc:creator><![CDATA[jen]]></dc:creator>
		<pubDate>Wed, 01 Mar 2023 14:57:28 +0000</pubDate>
				<category><![CDATA[Assurdità]]></category>
		<category><![CDATA[concentrazione]]></category>
		<category><![CDATA[farfalle]]></category>
		<guid isPermaLink="false">/?p=54</guid>

					<description><![CDATA[A ma capita sempre perche dopo pochi minuti perdo l&#8217;attenzione e vedo le farfalle sul muro, non è facile mantenere la concentrazione in 8 ore di lezione Però sono proprio carine queste farfalle]]></description>
										<content:encoded><![CDATA[
<p>A ma capita sempre perche dopo pochi minuti perdo l&#8217;attenzione e vedo le farfalle sul muro,  non è facile mantenere la concentrazione in 8 ore di lezione</p>


<div class="wp-block-image">
<figure class="aligncenter size-full"><img decoding="async" width="202" height="250" src="/wp-content/uploads/2023/03/butteflies.jpeg" alt="" class="wp-image-55"/></figure></div>


<p>Però sono proprio carine queste farfalle</p>
]]></content:encoded>
					
					<wfw:commentRss>/2023/03/01/non-vi-capita-mai-di-guardare-nel-vuoto/feed/</wfw:commentRss>
			<slash:comments>0</slash:comments>
		
		
			</item>
		<item>
		<title>Questo è un nuovo articolo</title>
		<link>/2023/03/01/questo-e-un-nuovo-articolo/</link>
					<comments>/2023/03/01/questo-e-un-nuovo-articolo/#respond</comments>
		
		<dc:creator><![CDATA[jen]]></dc:creator>
		<pubDate>Wed, 01 Mar 2023 14:45:30 +0000</pubDate>
				<category><![CDATA[Assurdità]]></category>
		<category><![CDATA[assurdità]]></category>
		<category><![CDATA[Crisi]]></category>
		<category><![CDATA[Help]]></category>
		<guid isPermaLink="false">/?p=48</guid>

					<description><![CDATA[Come è facilmente intuibile senza una chiara idea del tema di questo sito sto inventando argomenti un po&#8217; assurdi Infatti ho la testa in fumo, ma in questa foto sembra che sia piu che altro tra le nuvole]]></description>
										<content:encoded><![CDATA[
<p>Come è facilmente intuibile senza una chiara idea del tema di questo sito sto inventando argomenti un po&#8217; assurdi</p>



<figure class="wp-block-image size-large"><img decoding="async" width="1024" height="754" src="/wp-content/uploads/2023/03/assurdo-1024x754.jpeg" alt="" class="wp-image-49" srcset="/wp-content/uploads/2023/03/assurdo-1024x754.jpeg 1024w, /wp-content/uploads/2023/03/assurdo-300x221.jpeg 300w, /wp-content/uploads/2023/03/assurdo-768x566.jpeg 768w, /wp-content/uploads/2023/03/assurdo-1536x1131.jpeg 1536w, /wp-content/uploads/2023/03/assurdo.jpeg 1772w" sizes="(max-width: 767px) 89vw, (max-width: 1000px) 54vw, (max-width: 1071px) 543px, 580px" /></figure>



<p>Infatti ho la testa in fumo, ma in questa foto sembra che sia piu che altro tra le nuvole</p>
]]></content:encoded>
					
					<wfw:commentRss>/2023/03/01/questo-e-un-nuovo-articolo/feed/</wfw:commentRss>
			<slash:comments>0</slash:comments>
		
		
			</item>
	</channel>
</rss>
