<?xml version="1.0" encoding="UTF-8"?><rss version="2.0"
	xmlns:content="http://purl.org/rss/1.0/modules/content/"
	xmlns:dc="http://purl.org/dc/elements/1.1/"
	xmlns:atom="http://www.w3.org/2005/Atom"
	xmlns:sy="http://purl.org/rss/1.0/modules/syndication/"
	
	>
<channel>
	<title>
	Commenti a: Questo è un nuovo articolo	</title>
	<atom:link href="http://localhost/sitojen/2023/03/01/questo-e-un-nuovo-articolo/feed/?simply_static_page=158" rel="self" type="application/rss+xml" />
	<link>/2023/03/01/questo-e-un-nuovo-articolo/</link>
	<description>Wordpress for dummies (like me)</description>
	<lastBuildDate>Wed, 01 Mar 2023 14:45:30 +0000</lastBuildDate>
	<sy:updatePeriod>
	hourly	</sy:updatePeriod>
	<sy:updateFrequency>
	1	</sy:updateFrequency>
	<generator>https://wordpress.org/?v=6.1.1</generator>
</channel>
</rss>
