<?xml version="1.0" encoding="UTF-8"?><rss version="2.0"
	xmlns:content="http://purl.org/rss/1.0/modules/content/"
	xmlns:wfw="http://wellformedweb.org/CommentAPI/"
	xmlns:dc="http://purl.org/dc/elements/1.1/"
	xmlns:atom="http://www.w3.org/2005/Atom"
	xmlns:sy="http://purl.org/rss/1.0/modules/syndication/"
	xmlns:slash="http://purl.org/rss/1.0/modules/slash/"
	>

<channel>
	<title>caffe &#8211; sito di jen</title>
	<atom:link href="http://localhost/sitojen/tag/caffe/feed/?simply_static_page=183" rel="self" type="application/rss+xml" />
	<link></link>
	<description>Wordpress for dummies (like me)</description>
	<lastBuildDate>Wed, 01 Mar 2023 14:52:29 +0000</lastBuildDate>
	<language>it-IT</language>
	<sy:updatePeriod>
	hourly	</sy:updatePeriod>
	<sy:updateFrequency>
	1	</sy:updateFrequency>
	<generator>https://wordpress.org/?v=6.1.1</generator>

<image>
	<url>/wp-content/uploads/2023/03/cropped-wp-for-dummies-32x32.jpeg</url>
	<title>caffe &#8211; sito di jen</title>
	<link></link>
	<width>32</width>
	<height>32</height>
</image> 
	<item>
		<title>Come gestire i cali di attenzione</title>
		<link>/2023/03/01/come-gestire-i-cali-di-attenzione/</link>
					<comments>/2023/03/01/come-gestire-i-cali-di-attenzione/#respond</comments>
		
		<dc:creator><![CDATA[jen]]></dc:creator>
		<pubDate>Wed, 01 Mar 2023 14:52:29 +0000</pubDate>
				<category><![CDATA[Crisi]]></category>
		<category><![CDATA[Attenzione]]></category>
		<category><![CDATA[caffe]]></category>
		<guid isPermaLink="false">/?p=51</guid>

					<description><![CDATA[E chi lo sa? Io per lo più bevo un caffè ogni ora per riattivare il cervello Crisi sonno scampata]]></description>
										<content:encoded><![CDATA[
<p>E chi lo sa?</p>



<p>Io per lo più bevo un caffè ogni ora per riattivare il cervello</p>



<figure class="wp-block-image size-large"><img decoding="async" width="1024" height="699" src="/wp-content/uploads/2023/03/caffe-1024x699.jpeg" alt="" class="wp-image-52" srcset="/wp-content/uploads/2023/03/caffe-1024x699.jpeg 1024w, /wp-content/uploads/2023/03/caffe-300x205.jpeg 300w, /wp-content/uploads/2023/03/caffe-768x524.jpeg 768w, /wp-content/uploads/2023/03/caffe.jpeg 1400w" sizes="(max-width: 767px) 89vw, (max-width: 1000px) 54vw, (max-width: 1071px) 543px, 580px" /></figure>



<p>Crisi sonno scampata</p>
]]></content:encoded>
					
					<wfw:commentRss>/2023/03/01/come-gestire-i-cali-di-attenzione/feed/</wfw:commentRss>
			<slash:comments>0</slash:comments>
		
		
			</item>
	</channel>
</rss>
