<?xml version="1.0" encoding="UTF-8"?><rss version="2.0"
	xmlns:content="http://purl.org/rss/1.0/modules/content/"
	xmlns:wfw="http://wellformedweb.org/CommentAPI/"
	xmlns:dc="http://purl.org/dc/elements/1.1/"
	xmlns:atom="http://www.w3.org/2005/Atom"
	xmlns:sy="http://purl.org/rss/1.0/modules/syndication/"
	xmlns:slash="http://purl.org/rss/1.0/modules/slash/"
	>

<channel>
	<title>buio &#8211; sito di jen</title>
	<atom:link href="http://localhost/sitojen/tag/buio/feed/?simply_static_page=191" rel="self" type="application/rss+xml" />
	<link></link>
	<description>Wordpress for dummies (like me)</description>
	<lastBuildDate>Wed, 01 Mar 2023 14:46:40 +0000</lastBuildDate>
	<language>it-IT</language>
	<sy:updatePeriod>
	hourly	</sy:updatePeriod>
	<sy:updateFrequency>
	1	</sy:updateFrequency>
	<generator>https://wordpress.org/?v=6.1.1</generator>

<image>
	<url>/wp-content/uploads/2023/03/cropped-wp-for-dummies-32x32.jpeg</url>
	<title>buio &#8211; sito di jen</title>
	<link></link>
	<width>32</width>
	<height>32</height>
</image> 
	<item>
		<title>Benvenuto sul mio sito test</title>
		<link>/2023/03/01/ciao-mondo/</link>
					<comments>/2023/03/01/ciao-mondo/#comments</comments>
		
		<dc:creator><![CDATA[jen]]></dc:creator>
		<pubDate>Wed, 01 Mar 2023 12:58:11 +0000</pubDate>
				<category><![CDATA[Crisi]]></category>
		<category><![CDATA[buio]]></category>
		<category><![CDATA[Help]]></category>
		<guid isPermaLink="false">/?p=1</guid>

					<description><![CDATA[Con questo meraviglioso sito voglio farmi valutare riguardo alla mia capacità di utilizzo del sistema wordpress. Vogliamo dare un&#8217;occhiata? Possiamo dire che questo articolo sia nella categoria crisi Perche crisi? Perchè adesso devo creare la catergoria]]></description>
										<content:encoded><![CDATA[
<p>Con questo meraviglioso sito  voglio farmi valutare riguardo alla mia capacità di utilizzo del sistema wordpress.</p>



<p>Vogliamo dare un&#8217;occhiata?</p>



<p>Possiamo dire che questo articolo sia nella categoria crisi</p>



<p>Perche crisi? Perchè adesso devo creare la catergoria</p>


<div class="wp-block-image">
<figure class="aligncenter size-full"><img decoding="async" width="500" height="285" src="/wp-content/uploads/2023/03/crisi.jpeg" alt="" class="wp-image-46" srcset="/wp-content/uploads/2023/03/crisi.jpeg 500w, /wp-content/uploads/2023/03/crisi-300x171.jpeg 300w" sizes="(max-width: 500px) 100vw, 500px" /></figure></div>]]></content:encoded>
					
					<wfw:commentRss>/2023/03/01/ciao-mondo/feed/</wfw:commentRss>
			<slash:comments>1</slash:comments>
		
		
			</item>
	</channel>
</rss>
